evidence-115188.jpg,evidence-115188.jpg
information-5.png,information-5.png
idea-4.jpg,idea-4.jpg
connect.jpg,connect.jpg
learning-6.jpg,learning-6.jpg
learning-6.jpeg,learning-6.jpeg
Learning-23.jpg,Learning-23.jpg
Learning-25.jpg,Learning-25.jpg
Learning-26.jpg,Learning-26.jpg
Learning-27.jpg,Learning-27.jpg
question.jpg,question.jpg
idea-5.jpg,idea-5.jpg
triangle-10.jpg,triangle-10.jpg
expression-2.jpg,expression-2.jpg
expression-2.png,expression-2.png
banner-1036483_960.jpg,banner-1036483_960.jpg
banner-1036483_960_720.jpg,banner-1036483_960_720.jpg
banner-1183443.jpg,banner-1183443.jpg
banner-1183445_960_720.jpg,banner-1183445_960_720.jpg
banner-1246873_960_720.jpg,banner-1246873_960_720.jpg
earth.jpg,earth.jpg
information-3.png,information-3.png
geometric-2.jpg,geometric-2.jpg
matter-2.jpg,matter-2.jpg
solar-1.jpg,solar-1.jpg
idea-3.jpg,idea-3.jpg
data-3.jpg,data-3.jpg
waves-1.jpg,waves-1.jpg
weather-3.jpg,weather-3.jpg
write.jpg,write.jpg
technical.png,technical.png
technology.jpg,technology.jpg
text-8.jpg,text-8.jpg
thermal-2.png,thermal-2.png
trignometric.png,trignometric.png
types-4.jpg,types-4.jpg
universe.png,universe.png
speed-5.png,speed-5.png
spellings-1.jpg,spellings-1.jpg
star-2.png,star-2.png
storage.jpg,storage.jpg
structure-8.jpg,structure-8.jpg
system.jpg,system.jpg
read.png,read.png
reflection.jpg,reflection.jpg
reflexive.jpg,reflexive.jpg
relative.png,relative.png
rotation.jpg,rotation.jpg
satellite.png,satellite.png
science-1.png,science-1.png
science.png,science.png
sense.png,sense.png
space-5.png,space-5.png
print-3.jpeg,print-3.jpeg
reaction.png,reaction.png
read-2.png,read-2.png
print-4.jpg,print-4.jpg
moon-4.png,moon-4.png
motion.jpg,motion.jpg
natural-3.png,natural-3.png
numbers-3.jpg,numbers-3.jpg
objects.png,objects.png
organic.png,organic.png
pattern.png,pattern.png
perspective.jpg,perspective.jpg
plane-6.png,plane-6.png
plot-4.png,plot-4.png
plot-12.png,plot-12.png
plot.png,plot.png
polygons-1.png,polygons-1.png
kinetic.jpg,kinetic.jpg
laboratory.png,laboratory.png
learning-5.jpg,learning-5.jpg
learning-6.jpg,learning-6.jpg
learning-7.jpg,learning-7.jpg
learning-14.jpg,learning-14.jpg
learning-15.jpg,learning-15.jpg
light.jpg,light.jpg
matrix.png,matrix.png
meanings.png,meanings.png
biological.jpg,biological.jpg
biological-2.jpg,biological-2.jpg
book.jpeg,book.jpeg
connection.png,connection.png
data-7.jpg,data-7.jpg
earth-6.png,earth-6.png
energy.jpg,energy.jpg
features.jpg,features.jpg
frequencies.jpg,frequencies.jpg
forms.jpg,forms.jpg
frequently-1.jpg,frequently-1.jpg
function-51.png,function-51.png
function.png,function.png
generate.png,generate.png
flash-1043778_960_720.jpg,flash-1043778_960_720.jpg
flash-113275_960_720.jpg,flash-113275_960_720.jpg
nebulae-1199180_960_720.jpg,nebulae-1199180_960_720.jpg
fractal-1078325_960_720.jpg,fractal-1078325_960_720.jpg
fractal-1232494_960_720.jpg,fractal-1232494_960_720.jpg
fractal-1118515_960_720.jpg,fractal-1118515_960_720.jpg
fractal-169358_960_720.jpg,fractal-169358_960_720.jpg
cube-358630_960_720.jpg,cube-358630_960_720.jpg
abstract-1278077_960_720.jpg,abstract-1278077_960_720.jpg
wall-175686_960_720.jpg,wall-175686_960_720.jpg
lines-593191_960_720.jpg,lines-593191_960_720.jpg
clouds-428168_960_720.jpg,clouds-428168_960_720.jpg
sun-203792_960_720.jpg,sun-203792_960_720.jpg
abstract-21851_960_720.jpg,abstract-21851_960_720.jpg
landscape-914149_960_720.jpg,landscape-914149_960_720.jpg
ball-443852_960_720.jpg,ball-443852_960_720.jpg
background-17309_960_720.jpg,background-17309_960_720.jpg
animal-21649_960_720.jpg,animal-21649_960_720.jpg
moon-769918_960_720.jpg,moon-769918_960_720.jpg
theater-1308794_960_720.jpg,theater-1308794_960_720.jpg
person-695656_960_720.jpg,person-695656_960_720.jpg
bokeh-1332105_960_720.jpg,bokeh-1332105_960_720.jpg
sunrise-1014710_960_720.jpg,sunrise-1014710_960_720.jpg
main-road-1373497_960_720.jpg,main-road-1373497_960_720.jpg
bokeh-1332107_960_720.jpg,bokeh-1332107_960_720.jpg
abstract-1235607_960_720.jpg,abstract-1235607_960_720.jpg
background-1113715_960_720.jpg,background-1113715_960_720.jpg
background-texture-1382002_960_720.jpg,background-texture-1382002_960_720.jpg
leaves-1031355_960_720.jpg,leaves-1031355_960_720.jpg
abstract-1231855_960_720.jpg,abstract-1231855_960_720.jpg
theater-1328407_960_720.jpg,theater-1328407_960_720.jpg
background-1156435_960_720.png,background-1156435_960_720.png
cubes-1213779_960_720.jpg,cubes-1213779_960_720.jpg
fractal-1280107_960_720.jpg,fractal-1280107_960_720.jpg
brush-1313564_960_720.jpg,brush-1313564_960_720.jpg
background-1130516_960_720.jpg,background-1130516_960_720.jpg
brush-1317908_960_720.jpg,brush-1317908_960_720.jpg
pattern-1341253_960_720.jpg,pattern-1341253_960_720.jpg
pixels-1275701_960_720.jpg,pixels-1275701_960_720.jpg
low-poly-1239778_960_720.jpg,low-poly-1239778_960_720.jpg
brush-1356383_960_720.jpg,brush-1356383_960_720.jpg
particles-1356381_960_720.jpg,particles-1356381_960_720.jpg
fractal-1280081_960_720.jpg,fractal-1280081_960_720.jpg
background-1210554_960_720.jpg,background-1210554_960_720.jpg
bokeh-1129079_960_720.jpg,bokeh-1129079_960_720.jpg
star-1206587_960_720.jpg,star-1206587_960_720.jpg
night-675377_960_720.jpg,night-675377_960_720.jpg
texture-1289287_960_720.jpg,texture-1289287_960_720.jpg
background-1041652_960_720.png,background-1041652_960_720.png
blue-1321195_960_720.jpg,blue-1321195_960_720.jpg
matchstick-20237_960_720.jpg,matchstick-20237_960_720.jpg