science,flash-1043778_960_720.jpg
science,flash-113275_960_720.jpg
math,banner-1183443_960_720.jpg
math,banner-1183445_960_720.jpg
science,nebulae-1199180_960_720.jpg
science,fractal-1078325_960_720.jpg
ELA,fractal-1232494_960_720.jpg
ELA,fractal-1118515_960_720.jpg
ELA,fractal-169358_960_720.jpg
math,cube-358630_960_720.jpg
math,abstract-1278077_960_720.jpg
science,clouds-428168_960_720.jpg
science,sun-203792_960_720.jpg
math,abstract-21851_960_720.jpg
math,landscape-914149_960_720.jpg
science,ball-443852_960_720.jpg
science,background-17309_960_720.jpg
science,animal-21649_960_720.jpg
math,moon-769918_960_720.jpg
math,theater-1308794_960_720.jpg
science,person-695656_960_720.jpg
science,bokeh-1332105_960_720.jpg
science,sunrise-1014710_960_720.jpg
science,main-road-1373497_960_720.jpg
math,bokeh-1332107_960_720.jpg
math,abstract-1235607_960_720.jpg
science,background-1113715_960_720.jpg
science,background-texture-1382002_960_720.jpg
science,leaves-1031355_960_720.jpg
math,abstract-1231855_960_720.jpg
math,theater-1328407_960_720.jpg
science,background-1156435_960_720.png
science,cubes-1213779_960_720.jpg
science,fractal-1280107_960_720.jpg
science,brush-1313564_960_720.jpg
science,background-1130516_960_720.jpg
science,brush-1317908_960_720.jpg
math,pattern-1341253_960_720.jpg
math,pixels-1275701_960_720.jpg
science,low-poly-1239778_960_720.jpg
science,brush-1356383_960_720.jpg
ELA,particles-1356381_960_720.jpg
science,fractal-1280081_960_720.jpg
science,background-1210554_960_720.jpg
math,bokeh-1129079_960_720.jpg
math,star-1206587_960_720.jpg
science,night-675377_960_720.jpg
science,texture-1289287_960_720.jpg
ELA,banner-1246873_960_720.jpg
science,banner-1165981_960_720.jpg
science,background-1041652_960_720.png
math,blue-1321195_960_720.jpg
math,banner-1036483_960_720.jpg
science,matchstick-20237_960_720.jpg
science,wall-175686_960_720.jpg
ELA,lines-593191_960_720.jpg