Java,,evidence-115188.jpg,evidence-115188.jpg,evidence-115188.jpg,evidence-115188.jpg,evidence-115188.jpg,evidence-115188.jpg,evidence-115188.jpg
Java,,information-5.png,information-5.png,information-5.png,information-5.png,information-5.png,information-5.png,information-5.png
Java,,idea-4.jpg,idea-4.jpg,idea-4.jpg,idea-4.jpg,idea-4.jpg,idea-4.jpg,idea-4.jpg
JavaScript,,connect.jpg,connect.jpg,connect.jpg,connect.jpg,connect.jpg,connect.jpg,connect.jpg
JavaScript,,learning-6.jpg,learning-6.jpg,learning-6.jpg,learning-6.jpg,learning-6.jpg,learning-6.jpg,learning-6.jpg
JavaScript,,learning-6.jpeg,learning-6.jpeg,learning-6.jpeg,learning-6.jpeg,learning-6.jpeg,learning-6.jpeg,learning-6.jpeg
JavaScript,,Learning-23.jpg,Learning-23.jpg,Learning-23.jpg,Learning-23.jpg,Learning-23.jpg,Learning-23.jpg,Learning-23.jpg
JavaScript,,Learning-25.jpg,Learning-25.jpg,Learning-25.jpg,Learning-25.jpg,Learning-25.jpg,Learning-25.jpg,Learning-25.jpg
Java,,Learning-26.jpg,Learning-26.jpg,Learning-26.jpg,Learning-26.jpg,Learning-26.jpg,Learning-26.jpg,Learning-26.jpg
Java,,Learning-27.jpg,Learning-27.jpg,Learning-27.jpg,Learning-27.jpg,Learning-27.jpg,Learning-27.jpg,Learning-27.jpg
JavaScript,,question.jpg,question.jpg,question.jpg,question.jpg,question.jpg,question.jpg,question.jpg
JavaScript,,idea-5.jpg,idea-5.jpg,idea-5.jpg,idea-5.jpg,idea-5.jpg,idea-5.jpg,idea-5.jpg
JavaScript,,triangle-10.jpg,triangle-10.jpg,triangle-10.jpg,triangle-10.jpg,triangle-10.jpg,triangle-10.jpg,triangle-10.jpg
JavaScript,,expression-2.jpg,expression-2.jpg,expression-2.jpg,expression-2.jpg,expression-2.jpg,expression-2.jpg,expression-2.jpg
JavaScript,,expression-2.png,expression-2.png,expression-2.png,expression-2.png,expression-2.png,expression-2.png,expression-2.png
Psychometry - Attitude,,banner-1036483_960.jpg,banner-1036483_960.jpg,banner-1036483_960.jpg,banner-1036483_960.jpg,banner-1036483_960.jpg,banner-1036483_960.jpg,banner-1036483_960.jpg
Aptitude - Critical Thinking,,banner-1036483_960_720.jpg,banner-1036483_960_720.jpg,banner-1036483_960_720.jpg,banner-1036483_960_720.jpg,banner-1036483_960_720.jpg,banner-1036483_960_720.jpg,banner-1036483_960_720.jpg
Simulated Environments - Sales,,banner-1183443.jpg,banner-1183443.jpg,banner-1183443.jpg,banner-1183443.jpg,banner-1183443.jpg,banner-1183443.jpg,banner-1183443.jpg
Coding,,banner-1183445_960_720.jpg,banner-1183445_960_720.jpg,banner-1183445_960_720.jpg,banner-1183445_960_720.jpg,banner-1183445_960_720.jpg,banner-1183445_960_720.jpg,banner-1183445_960_720.jpg
Java,,banner-1246873_960_720.jpg,banner-1246873_960_720.jpg,banner-1246873_960_720.jpg,banner-1246873_960_720.jpg,banner-1246873_960_720.jpg,banner-1246873_960_720.jpg,banner-1246873_960_720.jpg
Java,,earth.jpg,earth.jpg,earth.jpg,earth.jpg,earth.jpg,earth.jpg,earth.jpg
Java,,information-3.png,information-3.png,information-3.png,information-3.png,information-3.png,information-3.png,information-3.png
Java,,geometric-2.jpg,geometric-2.jpg,geometric-2.jpg,geometric-2.jpg,geometric-2.jpg,geometric-2.jpg,geometric-2.jpg
Java,,matter-2.jpg,matter-2.jpg,matter-2.jpg,matter-2.jpg,matter-2.jpg,matter-2.jpg,matter-2.jpg
Java,,solar-1.jpg,solar-1.jpg,solar-1.jpg,solar-1.jpg,solar-1.jpg,solar-1.jpg,solar-1.jpg
Java,,idea-3.jpg,idea-3.jpg,idea-3.jpg,idea-3.jpg,idea-3.jpg,idea-3.jpg,idea-3.jpg
Java,,data-3.jpg,data-3.jpg,data-3.jpg,data-3.jpg,data-3.jpg,data-3.jpg,data-3.jpg
Java,,waves-1.jpg,waves-1.jpg,waves-1.jpg,waves-1.jpg,waves-1.jpg,waves-1.jpg,waves-1.jpg
Java,,weather-3.jpg,weather-3.jpg,weather-3.jpg,weather-3.jpg,weather-3.jpg,weather-3.jpg,weather-3.jpg
Java,,write.jpg,write.jpg,write.jpg,write.jpg,write.jpg,write.jpg,write.jpg
Java,,technical.png,technical.png,technical.png,technical.png,technical.png,technical.png,technical.png
Java,,technology.jpg,technology.jpg,technology.jpg,technology.jpg,technology.jpg,technology.jpg,technology.jpg
Java,,text-8.jpg,text-8.jpg,text-8.jpg,text-8.jpg,text-8.jpg,text-8.jpg,text-8.jpg
Java,,thermal-2.png,thermal-2.png,thermal-2.png,thermal-2.png,thermal-2.png,thermal-2.png,thermal-2.png
Java,,trignometric.png,trignometric.png,trignometric.png,trignometric.png,trignometric.png,trignometric.png,trignometric.png
Java,,types-4.jpg,types-4.jpg,types-4.jpg,types-4.jpg,types-4.jpg,types-4.jpg,types-4.jpg
Java,,universe.png,universe.png,universe.png,universe.png,universe.png,universe.png,universe.png
Java,,speed-5.png,speed-5.png,speed-5.png,speed-5.png,speed-5.png,speed-5.png,speed-5.png
Java,,spellings-1.jpg,spellings-1.jpg,spellings-1.jpg,spellings-1.jpg,spellings-1.jpg,spellings-1.jpg,spellings-1.jpg
Java,,star-2.png,star-2.png,star-2.png,star-2.png,star-2.png,star-2.png,star-2.png
Java,,storage.jpg,storage.jpg,storage.jpg,storage.jpg,storage.jpg,storage.jpg,storage.jpg
Java,,structure-8.jpg,structure-8.jpg,structure-8.jpg,structure-8.jpg,structure-8.jpg,structure-8.jpg,structure-8.jpg
Java,,system.jpg,system.jpg,system.jpg,system.jpg,system.jpg,system.jpg,system.jpg
Java,,read.png,read.png,read.png,read.png,read.png,read.png,read.png
Java,,reflection.jpg,reflection.jpg,reflection.jpg,reflection.jpg,reflection.jpg,reflection.jpg,reflection.jpg
Java,,reflexive.jpg,reflexive.jpg,reflexive.jpg,reflexive.jpg,reflexive.jpg,reflexive.jpg,reflexive.jpg
Java,,relative.png,relative.png,relative.png,relative.png,relative.png,relative.png,relative.png
Java,,rotation.jpg,rotation.jpg,rotation.jpg,rotation.jpg,rotation.jpg,rotation.jpg,rotation.jpg
Java,,satellite.png,satellite.png,satellite.png,satellite.png,satellite.png,satellite.png,satellite.png
Java,,science-1.png,science-1.png,science-1.png,science-1.png,science-1.png,science-1.png,science-1.png
JavaScript,,science.png,science.png,science.png,science.png,science.png,science.png,science.png
JavaScript,,sense.png,sense.png,sense.png,sense.png,sense.png,sense.png,sense.png
JavaScript,,space-5.png,space-5.png,space-5.png,space-5.png,space-5.png,space-5.png,space-5.png
JavaScript,,print-3.jpeg,print-3.jpeg,print-3.jpeg,print-3.jpeg,print-3.jpeg,print-3.jpeg,print-3.jpeg
JavaScript,,reaction.png,reaction.png,reaction.png,reaction.png,reaction.png,reaction.png,reaction.png
JavaScript,,read-2.png,read-2.png,read-2.png,read-2.png,read-2.png,read-2.png,read-2.png
JavaScript,,print-4.jpg,print-4.jpg,print-4.jpg,print-4.jpg,print-4.jpg,print-4.jpg,print-4.jpg
JavaScript,,moon-4.png,moon-4.png,moon-4.png,moon-4.png,moon-4.png,moon-4.png,moon-4.png
JavaScript,,motion.jpg,motion.jpg,motion.jpg,motion.jpg,motion.jpg,motion.jpg,motion.jpg
JavaScript,,natural-3.png,natural-3.png,natural-3.png,natural-3.png,natural-3.png,natural-3.png,natural-3.png
JavaScript,,numbers-3.jpg,numbers-3.jpg,numbers-3.jpg,numbers-3.jpg,numbers-3.jpg,numbers-3.jpg,numbers-3.jpg
JavaScript,,objects.png,objects.png,objects.png,objects.png,objects.png,objects.png,objects.png
JavaScript,,organic.png,organic.png,organic.png,organic.png,organic.png,organic.png,organic.png
JavaScript,,pattern.png,pattern.png,pattern.png,pattern.png,pattern.png,pattern.png,pattern.png
JavaScript,,perspective.jpg,perspective.jpg,perspective.jpg,perspective.jpg,perspective.jpg,perspective.jpg,perspective.jpg
JavaScript,,plane-6.png,plane-6.png,plane-6.png,plane-6.png,plane-6.png,plane-6.png,plane-6.png
JavaScript,,plot-4.png,plot-4.png,plot-4.png,plot-4.png,plot-4.png,plot-4.png,plot-4.png
JavaScript,,plot-12.png,plot-12.png,plot-12.png,plot-12.png,plot-12.png,plot-12.png,plot-12.png
JavaScript,,plot.png,plot.png,plot.png,plot.png,plot.png,plot.png,plot.png
JavaScript,,polygons-1.png,polygons-1.png,polygons-1.png,polygons-1.png,polygons-1.png,polygons-1.png,polygons-1.png
JavaScript,,kinetic.jpg,kinetic.jpg,kinetic.jpg,kinetic.jpg,kinetic.jpg,kinetic.jpg,kinetic.jpg
JavaScript,,laboratory.png,laboratory.png,laboratory.png,laboratory.png,laboratory.png,laboratory.png,laboratory.png
JavaScript,,learning-5.jpg,learning-5.jpg,learning-5.jpg,learning-5.jpg,learning-5.jpg,learning-5.jpg,learning-5.jpg
JavaScript,,learning-6.jpg,learning-6.jpg,learning-6.jpg,learning-6.jpg,learning-6.jpg,learning-6.jpg,learning-6.jpg
JavaScript,,learning-7.jpg,learning-7.jpg,learning-7.jpg,learning-7.jpg,learning-7.jpg,learning-7.jpg,learning-7.jpg
JavaScript,,learning-14.jpg,learning-14.jpg,learning-14.jpg,learning-14.jpg,learning-14.jpg,learning-14.jpg,learning-14.jpg
JavaScript,,learning-15.jpg,learning-15.jpg,learning-15.jpg,learning-15.jpg,learning-15.jpg,learning-15.jpg,learning-15.jpg
JavaScript,,light.jpg,light.jpg,light.jpg,light.jpg,light.jpg,light.jpg,light.jpg
JavaScript,,matrix.png,matrix.png,matrix.png,matrix.png,matrix.png,matrix.png,matrix.png
JavaScript,,meanings.png,meanings.png,meanings.png,meanings.png,meanings.png,meanings.png,meanings.png
JavaScript,,biological.jpg,biological.jpg,biological.jpg,biological.jpg,biological.jpg,biological.jpg,biological.jpg
JavaScript,,biological-2.jpg,biological-2.jpg,biological-2.jpg,biological-2.jpg,biological-2.jpg,biological-2.jpg,biological-2.jpg
JavaScript,,book.jpeg,book.jpeg,book.jpeg,book.jpeg,book.jpeg,book.jpeg,book.jpeg
JavaScript,,connection.png,connection.png,connection.png,connection.png,connection.png,connection.png,connection.png
JavaScript,,data-7.jpg,data-7.jpg,data-7.jpg,data-7.jpg,data-7.jpg,data-7.jpg,data-7.jpg
JavaScript,,earth-6.png,earth-6.png,earth-6.png,earth-6.png,earth-6.png,earth-6.png,earth-6.png
JavaScript,,energy.jpg,energy.jpg,energy.jpg,energy.jpg,energy.jpg,energy.jpg,energy.jpg
JavaScript,,features.jpg,features.jpg,features.jpg,features.jpg,features.jpg,features.jpg,features.jpg
JavaScript,,frequencies.jpg,frequencies.jpg,frequencies.jpg,frequencies.jpg,frequencies.jpg,frequencies.jpg,frequencies.jpg
JavaScript,,forms.jpg,forms.jpg,forms.jpg,forms.jpg,forms.jpg,forms.jpg,forms.jpg
JavaScript,,frequently-1.jpg,frequently-1.jpg,frequently-1.jpg,frequently-1.jpg,frequently-1.jpg,frequently-1.jpg,frequently-1.jpg
JavaScript,,function-51.png,function-51.png,function-51.png,function-51.png,function-51.png,function-51.png,function-51.png
JavaScript,,function.png,function.png,function.png,function.png,function.png,function.png,function.png
JavaScript,,generate.png,generate.png,generate.png,generate.png,generate.png,generate.png,generate.png
JavaScript,,flash-1043778_960_720.jpg,flash-1043778_960_720.jpg,flash-1043778_960_720.jpg,flash-1043778_960_720.jpg,flash-1043778_960_720.jpg,flash-1043778_960_720.jpg,flash-1043778_960_720.jpg
JavaScript,,flash-113275_960_720.jpg,flash-113275_960_720.jpg,flash-113275_960_720.jpg,flash-113275_960_720.jpg,flash-113275_960_720.jpg,flash-113275_960_720.jpg,flash-113275_960_720.jpg
JavaScript,,nebulae-1199180_960_720.jpg,nebulae-1199180_960_720.jpg,nebulae-1199180_960_720.jpg,nebulae-1199180_960_720.jpg,nebulae-1199180_960_720.jpg,nebulae-1199180_960_720.jpg,nebulae-1199180_960_720.jpg
JavaScript,,fractal-1078325_960_720.jpg,fractal-1078325_960_720.jpg,fractal-1078325_960_720.jpg,fractal-1078325_960_720.jpg,fractal-1078325_960_720.jpg,fractal-1078325_960_720.jpg,fractal-1078325_960_720.jpg
JavaScript,,fractal-1232494_960_720.jpg,fractal-1232494_960_720.jpg,fractal-1232494_960_720.jpg,fractal-1232494_960_720.jpg,fractal-1232494_960_720.jpg,fractal-1232494_960_720.jpg,fractal-1232494_960_720.jpg
JavaScript,,fractal-1118515_960_720.jpg,fractal-1118515_960_720.jpg,fractal-1118515_960_720.jpg,fractal-1118515_960_720.jpg,fractal-1118515_960_720.jpg,fractal-1118515_960_720.jpg,fractal-1118515_960_720.jpg
JavaScript,,fractal-169358_960_720.jpg,fractal-169358_960_720.jpg,fractal-169358_960_720.jpg,fractal-169358_960_720.jpg,fractal-169358_960_720.jpg,fractal-169358_960_720.jpg,fractal-169358_960_720.jpg
JavaScript,,cube-358630_960_720.jpg,cube-358630_960_720.jpg,cube-358630_960_720.jpg,cube-358630_960_720.jpg,cube-358630_960_720.jpg,cube-358630_960_720.jpg,cube-358630_960_720.jpg
JavaScript,,abstract-1278077_960_720.jpg,abstract-1278077_960_720.jpg,abstract-1278077_960_720.jpg,abstract-1278077_960_720.jpg,abstract-1278077_960_720.jpg,abstract-1278077_960_720.jpg,abstract-1278077_960_720.jpg
JavaScript,,wall-175686_960_720.jpg,wall-175686_960_720.jpg,wall-175686_960_720.jpg,wall-175686_960_720.jpg,wall-175686_960_720.jpg,wall-175686_960_720.jpg,wall-175686_960_720.jpg
JavaScript,,lines-593191_960_720.jpg,lines-593191_960_720.jpg,lines-593191_960_720.jpg,lines-593191_960_720.jpg,lines-593191_960_720.jpg,lines-593191_960_720.jpg,lines-593191_960_720.jpg
JavaScript,,clouds-428168_960_720.jpg,clouds-428168_960_720.jpg,clouds-428168_960_720.jpg,clouds-428168_960_720.jpg,clouds-428168_960_720.jpg,clouds-428168_960_720.jpg,clouds-428168_960_720.jpg
JavaScript,,sun-203792_960_720.jpg,sun-203792_960_720.jpg,sun-203792_960_720.jpg,sun-203792_960_720.jpg,sun-203792_960_720.jpg,sun-203792_960_720.jpg,sun-203792_960_720.jpg
JavaScript,,abstract-21851_960_720.jpg,abstract-21851_960_720.jpg,abstract-21851_960_720.jpg,abstract-21851_960_720.jpg,abstract-21851_960_720.jpg,abstract-21851_960_720.jpg,abstract-21851_960_720.jpg
JavaScript,,landscape-914149_960_720.jpg,landscape-914149_960_720.jpg,landscape-914149_960_720.jpg,landscape-914149_960_720.jpg,landscape-914149_960_720.jpg,landscape-914149_960_720.jpg,landscape-914149_960_720.jpg
JavaScript,,ball-443852_960_720.jpg,ball-443852_960_720.jpg,ball-443852_960_720.jpg,ball-443852_960_720.jpg,ball-443852_960_720.jpg,ball-443852_960_720.jpg,ball-443852_960_720.jpg
JavaScript,,background-17309_960_720.jpg,background-17309_960_720.jpg,background-17309_960_720.jpg,background-17309_960_720.jpg,background-17309_960_720.jpg,background-17309_960_720.jpg,background-17309_960_720.jpg
JavaScript,,animal-21649_960_720.jpg,animal-21649_960_720.jpg,animal-21649_960_720.jpg,animal-21649_960_720.jpg,animal-21649_960_720.jpg,animal-21649_960_720.jpg,animal-21649_960_720.jpg
JavaScript,,moon-769918_960_720.jpg,moon-769918_960_720.jpg,moon-769918_960_720.jpg,moon-769918_960_720.jpg,moon-769918_960_720.jpg,moon-769918_960_720.jpg,moon-769918_960_720.jpg
JavaScript,,theater-1308794_960_720.jpg,theater-1308794_960_720.jpg,theater-1308794_960_720.jpg,theater-1308794_960_720.jpg,theater-1308794_960_720.jpg,theater-1308794_960_720.jpg,theater-1308794_960_720.jpg
JavaScript,,person-695656_960_720.jpg,person-695656_960_720.jpg,person-695656_960_720.jpg,person-695656_960_720.jpg,person-695656_960_720.jpg,person-695656_960_720.jpg,person-695656_960_720.jpg
JavaScript,,bokeh-1332105_960_720.jpg,bokeh-1332105_960_720.jpg,bokeh-1332105_960_720.jpg,bokeh-1332105_960_720.jpg,bokeh-1332105_960_720.jpg,bokeh-1332105_960_720.jpg,bokeh-1332105_960_720.jpg
JavaScript,,sunrise-1014710_960_720.jpg,sunrise-1014710_960_720.jpg,sunrise-1014710_960_720.jpg,sunrise-1014710_960_720.jpg,sunrise-1014710_960_720.jpg,sunrise-1014710_960_720.jpg,sunrise-1014710_960_720.jpg
JavaScript,,main-road-1373497_960_720.jpg,main-road-1373497_960_720.jpg,main-road-1373497_960_720.jpg,main-road-1373497_960_720.jpg,main-road-1373497_960_720.jpg,main-road-1373497_960_720.jpg,main-road-1373497_960_720.jpg
JavaScript,,bokeh-1332107_960_720.jpg,bokeh-1332107_960_720.jpg,bokeh-1332107_960_720.jpg,bokeh-1332107_960_720.jpg,bokeh-1332107_960_720.jpg,bokeh-1332107_960_720.jpg,bokeh-1332107_960_720.jpg
JavaScript,,abstract-1235607_960_720.jpg,abstract-1235607_960_720.jpg,abstract-1235607_960_720.jpg,abstract-1235607_960_720.jpg,abstract-1235607_960_720.jpg,abstract-1235607_960_720.jpg,abstract-1235607_960_720.jpg
JavaScript,,background-1113715_960_720.jpg,background-1113715_960_720.jpg,background-1113715_960_720.jpg,background-1113715_960_720.jpg,background-1113715_960_720.jpg,background-1113715_960_720.jpg,background-1113715_960_720.jpg
JavaScript,,background-texture-1382002_960_720.jpg,background-texture-1382002_960_720.jpg,background-texture-1382002_960_720.jpg,background-texture-1382002_960_720.jpg,background-texture-1382002_960_720.jpg,background-texture-1382002_960_720.jpg,background-texture-1382002_960_720.jpg
JavaScript,,leaves-1031355_960_720.jpg,leaves-1031355_960_720.jpg,leaves-1031355_960_720.jpg,leaves-1031355_960_720.jpg,leaves-1031355_960_720.jpg,leaves-1031355_960_720.jpg,leaves-1031355_960_720.jpg
JavaScript,,abstract-1231855_960_720.jpg,abstract-1231855_960_720.jpg,abstract-1231855_960_720.jpg,abstract-1231855_960_720.jpg,abstract-1231855_960_720.jpg,abstract-1231855_960_720.jpg,abstract-1231855_960_720.jpg
JavaScript,,theater-1328407_960_720.jpg,theater-1328407_960_720.jpg,theater-1328407_960_720.jpg,theater-1328407_960_720.jpg,theater-1328407_960_720.jpg,theater-1328407_960_720.jpg,theater-1328407_960_720.jpg
JavaScript,,background-1156435_960_720.png,background-1156435_960_720.png,background-1156435_960_720.png,background-1156435_960_720.png,background-1156435_960_720.png,background-1156435_960_720.png,background-1156435_960_720.png
JavaScript,,cubes-1213779_960_720.jpg,cubes-1213779_960_720.jpg,cubes-1213779_960_720.jpg,cubes-1213779_960_720.jpg,cubes-1213779_960_720.jpg,cubes-1213779_960_720.jpg,cubes-1213779_960_720.jpg
JavaScript,,fractal-1280107_960_720.jpg,fractal-1280107_960_720.jpg,fractal-1280107_960_720.jpg,fractal-1280107_960_720.jpg,fractal-1280107_960_720.jpg,fractal-1280107_960_720.jpg,fractal-1280107_960_720.jpg
JavaScript,,brush-1313564_960_720.jpg,brush-1313564_960_720.jpg,brush-1313564_960_720.jpg,brush-1313564_960_720.jpg,brush-1313564_960_720.jpg,brush-1313564_960_720.jpg,brush-1313564_960_720.jpg
JavaScript,,background-1130516_960_720.jpg,background-1130516_960_720.jpg,background-1130516_960_720.jpg,background-1130516_960_720.jpg,background-1130516_960_720.jpg,background-1130516_960_720.jpg,background-1130516_960_720.jpg
JavaScript,,brush-1317908_960_720.jpg,brush-1317908_960_720.jpg,brush-1317908_960_720.jpg,brush-1317908_960_720.jpg,brush-1317908_960_720.jpg,brush-1317908_960_720.jpg,brush-1317908_960_720.jpg
JavaScript,,pattern-1341253_960_720.jpg,pattern-1341253_960_720.jpg,pattern-1341253_960_720.jpg,pattern-1341253_960_720.jpg,pattern-1341253_960_720.jpg,pattern-1341253_960_720.jpg,pattern-1341253_960_720.jpg
JavaScript,,pixels-1275701_960_720.jpg,pixels-1275701_960_720.jpg,pixels-1275701_960_720.jpg,pixels-1275701_960_720.jpg,pixels-1275701_960_720.jpg,pixels-1275701_960_720.jpg,pixels-1275701_960_720.jpg
JavaScript,,low-poly-1239778_960_720.jpg,low-poly-1239778_960_720.jpg,low-poly-1239778_960_720.jpg,low-poly-1239778_960_720.jpg,low-poly-1239778_960_720.jpg,low-poly-1239778_960_720.jpg,low-poly-1239778_960_720.jpg
JavaScript,,brush-1356383_960_720.jpg,brush-1356383_960_720.jpg,brush-1356383_960_720.jpg,brush-1356383_960_720.jpg,brush-1356383_960_720.jpg,brush-1356383_960_720.jpg,brush-1356383_960_720.jpg
JavaScript,,particles-1356381_960_720.jpg,particles-1356381_960_720.jpg,particles-1356381_960_720.jpg,particles-1356381_960_720.jpg,particles-1356381_960_720.jpg,particles-1356381_960_720.jpg,particles-1356381_960_720.jpg
JavaScript,,fractal-1280081_960_720.jpg,fractal-1280081_960_720.jpg,fractal-1280081_960_720.jpg,fractal-1280081_960_720.jpg,fractal-1280081_960_720.jpg,fractal-1280081_960_720.jpg,fractal-1280081_960_720.jpg
JavaScript,,background-1210554_960_720.jpg,background-1210554_960_720.jpg,background-1210554_960_720.jpg,background-1210554_960_720.jpg,background-1210554_960_720.jpg,background-1210554_960_720.jpg,background-1210554_960_720.jpg
JavaScript,,bokeh-1129079_960_720.jpg,bokeh-1129079_960_720.jpg,bokeh-1129079_960_720.jpg,bokeh-1129079_960_720.jpg,bokeh-1129079_960_720.jpg,bokeh-1129079_960_720.jpg,bokeh-1129079_960_720.jpg
JavaScript,,star-1206587_960_720.jpg,star-1206587_960_720.jpg,star-1206587_960_720.jpg,star-1206587_960_720.jpg,star-1206587_960_720.jpg,star-1206587_960_720.jpg,star-1206587_960_720.jpg
JavaScript,,night-675377_960_720.jpg,night-675377_960_720.jpg,night-675377_960_720.jpg,night-675377_960_720.jpg,night-675377_960_720.jpg,night-675377_960_720.jpg,night-675377_960_720.jpg
JavaScript,,texture-1289287_960_720.jpg,texture-1289287_960_720.jpg,texture-1289287_960_720.jpg,texture-1289287_960_720.jpg,texture-1289287_960_720.jpg,texture-1289287_960_720.jpg,texture-1289287_960_720.jpg
JavaScript,,background-1041652_960_720.png,background-1041652_960_720.png,background-1041652_960_720.png,background-1041652_960_720.png,background-1041652_960_720.png,background-1041652_960_720.png,background-1041652_960_720.png
JavaScript,,blue-1321195_960_720.jpg,blue-1321195_960_720.jpg,blue-1321195_960_720.jpg,blue-1321195_960_720.jpg,blue-1321195_960_720.jpg,blue-1321195_960_720.jpg,blue-1321195_960_720.jpg
JavaScript,,matchstick-20237_960_720.jpg,matchstick-20237_960_720.jpg,matchstick-20237_960_720.jpg,matchstick-20237_960_720.jpg,matchstick-20237_960_720.jpg,matchstick-20237_960_720.jpg,matchstick-20237_960_720.jpg