keyword,icons
2d,2d.png
3d,3d.png
45angle,45angle.png
alarm,alarm.png
alert,alert.png
alpha,alpha.png
analysis,analysis.png
analyze,analyze.png
angle,angle.png
apply,apply.png
area,area.png
based,based.png
beta,beta.png
book,book-1.png
character,character.png
characters,characters.png
claims,claims.png
clarify,clarify.png
clarify,clarify-1.png
clear,clear.png
clock,clock.png
compare,compare.png
compare,compare-3.png
complex,complex.png
complex,complex-1.png
concept,concept-1.png
congruence,congruence.png
construct,construct.png
construct,construct-1.png
context,context.png
conversions,conversions.png
coordinate,coordinate.png
quantity,count.png
count,count.png
create,create.png
data,data.png
decimal,decimal.png
delta,delta.png
demonstrate,demonstrate.png
describe,describe.png
design,design.png
detail,detail.png
details,details.png
develop,develop.png
different,different.png
direct,direct.png
discuss,discuss.png
divide,divide.png
dollar,dollar.png
earth,earth.png
end,end.png
energy,energy.png
english,english.png
enter,enter.png
equation,equation.png
equilateral,equilateral.png
evaluate,evaluate.png
event,event.png
events,events.png
evidence,evidence.png
exit,exit.png
experience,experience.png
explain,explain.png
explanation,explanation.png
determine,find.png
determine,find-online.png
find,find.png
find,find-online.png
form,form.png
forward,forward.png
fractions,fractions.png
function,function.png
geometry,geometry.png
geometry,geometry-2.png
given,given.png
grade,grade.png
grid,grid.png
half,half.png
human,human.png
idea,idea.png
ideas,ideas.png
identify,identify.png
inequality,inequality.png
infinite,infinite.png
information,information.png
instruction,instruction.png
interact,interact.png
interpret,interpret.png
isosceles,isosceles.png
key,key.png
knowledge,knowledge.png
language,language.png
learning,learning.png
length,length.png
letter,letter-2.png
line,line.png
listen,listen.png
magnet,magnet.png
make,make.png
material,material.png
meaning,meaning.png
measure,measure.png
minus,minus.png
model,model.png
multiple,multiple.png
multiply,multiply.png
needed,needed.png
notequal,notequal.png
number,number-1.png
number,number-2.png
numbers,numbers.png
objects,objects.png
observe,observe.png
observe,observe-1.png
operations,operations.png
parallel,parallel.png
pattern,pattern-2.png
people,people.png
percent,percent.png
perpendicular,perpendicular.png
phrases,phrases.png
pi,pi.png
picture,picture.png
plus,plus.png
plusminus,plusminus.png
point,point.png
points,points.png
population,population.png
presented,present.png
present,present.png
probability,probability.png
problem,problem.png
process,process.png
produce,produce.png
properties,properties.png
property,property.png
property,property-2.png
proportion,proportion.png
purpose,pupose.png
quantities,quantities.png
question,question.png
questions,questions.png
range,range.png
ratio,ratio.png
rational,rational.png
read,read.png
reading,reading.png
reasoning,reasoning.png
recognize,recognize.png
replacement,relacement.png
relationship,relationship.png
relavent,relavent.png
represent,represent.png
research,research.png
rewind,rewind.png
rigttriangle,rigttriangle.png
root,root.png
scale,scale.png
set,set.png
single,single.png
skill,skill.png
solve,solve.png
source,source.png
specific,specific.png
sphere,sphere.png
square,square.png
standard,standard.png
stop,stop.png
store,store.png
story,story.png
strategy,strategy.png
strategy,strategy-1.png
strategy,strategy-2.png
structure,structure.png
style,style.png
sum,sum.png
support,support.png
support,support-1.png
system,system.png
system,system-1.png
talk,talk.png
target,target.png
text,text.png
theta,theta.png
Thumbs,Thumbs.db
time,time.png
tools,tools.png
topic,topic.png
understand,understand.png
unit,unit.png
variable,variable.png
venn,venn.png
volume,volume.png
whole,whole.png
whole,whole.psd
word,word.png
word,word-1.png
write,write.png
write,write-2.png
writing,writing.png
wrong,wrong.png