Keyword,Image file
learning,learning-4.jpg
learning,learning-2.jpg
learning,learning-5.jpg
learning,learning-7.jpg
learning,learning-3.jpg
learning,learning-6.jpg
Learning,Learning-1.jpg
skills,skills-3.jpg
skills,skills-5.jpg
skills,skills-4.jpg
skills,skills-2.jpg
skills,skills-1.jpg
information,info-5.jpg
information,info-6.jpg
information,info-4.jpg
information,info-2.jpg
information,info-1.png
text,text-2.jpg
text,text-3.jpg
text,text-4.jpg
text,text-1.jpg
words,words-1.jpg
words,words-3.jpg
words,words-4.jpg
words,words-2.jpg
evidence,evid-6.jpg
evidence,evid-4.jpg
evidence,evid-3.jpg
evidence,evid-5.jpg
evidence,evid-2.jpg
evidence,evid-1.jpg
numbers,numbers-4.jpg
idea,idea-6.jpg
idea,idea-1.jpg
idea,idea-2.jpg
idea,idea-3.jpg
idea,idea-4.jpg
idea,idea-5.jpg
numbers,numbers-3.jpg
numbers,numbers-1.jpg
numbers,numbers-2.jpg
supplement,supp-1.jpg
supplement,supp-5.jpg
supplement,supp-3.jpg
supplement,supp-4.jpg
supplement,supp-2.jpg
reading,reading-3.jpg
reading,reading-2.jpg
reading,reading-1.jpg
writing,writing-2.png
writing,writing-3.jpg
writing,writing-1.jpg
analyze,analyze-3.jpg
analyze,analyze-1.jpg
analyze,analyze-2.jpg
energy,energy-2.jpg
energy,energy-3.jpg
energy,energy-1.jpg
data,data-3.jpg
data,data-2.jpg
data,data-1.jpg
mathmodel,mathmodel-2.jpg
mathmodel,mathmodel-3.jpg
describe,describe-1.jpg
equations,equations-1.jpg
equations,equations-2.jpg
problems,problems-1.jpg
mathmodel,mathmodel-1.jpg
problems,problems-2.jpg
complex,complex-1.jpg
complex,complex-2.jpg
context,context-1.jpg
context,context-0.jpg
probability,probability-1.jpg
probability,probability-2.jpg
compare,compare-1.png
compare,compare-0.png
shapes,shapes-1.jpg
earth,earth.jpg
key,key.png
language,language-2.jpg
english,english.jpg
language,language-1.jpg
images,images-1.jpg
grades,grades-1.jpg
lines,lines.png
dots,dots.png
lines,
dots,lines:dots.jpg
question,question.jpg
fraction,fraction.jpg
addition,addition.png
english,english-2.jpg
digital,digital.jpg
pattern,pattern.jpg
chemical,chemical.jpg
latin,latin.jpg
area,area.jpg
matter,matter.jpg
scientific,scientific-1.jpg
scientific,scientific-2.jpg
linear,linear.jpg
europe,europe.jpg
images,images-1 copy.jpg
geometry,geometric-2.jpg
geometric,geometric-2.jpg
geographic,geographic.jpg
geometry,geometric-1.png
geometric,geometric-1.png
german,german.png
health,health-1.jpg
health,health-2.jpg
history,history-2.jpg
history,history-1.jpg
italy,italy.png
japan,japan.jpg
journalist,journalist.jpg
organisms,organisms-2.jpg
organisms,organisms-1.jpg
imgres,imgres-2.jpg
contrast,contrast.png
ecosystem,ecosystem.jpg
angles,angles.png
measurement,measurement-2.jpg
measurement,measurement.jpg
literature,literature.jpg
multiplication,multiplication.jpg
vocabulary,vocabulary-1.jpg
spelling,spelling-1.jpg
imgres,imgres-3.jpg
organize,organize.jpg
organize,organize-2 copy.jpg
subtract,subtract.png
"fig, lang","fig, lang.jpg"
integrate,integrate-1.jpg
integrate,integrate-2.png
media,media-1.jpg
media,media-2.jpg
media,media-3.jpg
drama,drama.jpg
engineering,engineering.jpg
trignometry,trignometry-1.png
vectors,vectors-2.png
vectors,vectors-1.jpg
matrix,matrix.jpg
punctuation,punctuation-1.jpg
measurement,measurement.png
division,division.jpg
comparison,comparison-1.jpg
inequatlities,inequatlities.png
multimedia,multimedia.jpg
multimedia,multimedia-2.jpg
organ,organ.jpg
argument,argument.jpg
weather,weather.jpg
polynomial,polynomial.png
molecules,molecules.jpg
scale,scale.png
scale,scale-1.png
2D,2D.png
3D,3D-1.jpg
grammar,grammar-1.jpg
summary,summary.jpg
inheritance,inheritance.png
internet,internet.jpg
electromagnetism,electromagnetism-1.png
quadratic,quadratic-1.png
solar,solar-1.jpg
parallel,parallel-1.png
perpendicular,perpendicular-1.png
exponential,exponential-1.png
experiments,experiments-1.jpg
experiments,experiments-2.jpg
experiment,experiment-3.jpg
statistics,statistics-1.jpg
waves,waves-1.jpg
tools,tools-1.jpg
radius,radius-1.png
species,species-1.jpg
coordinate,coordinate-1.jpg
system,system-1.png
solve,solve-1.jpg
explain,explain-1.png
solve,solve-2.png
clarify,clarify-1.jpg
domain,domain-1.png
operations,operations-1.jpg
construct,construct-1.gif
triangle,triangle-1.jpg
research,research-3.jpg
research,research-1.jpg
research,research-2.jpg