word,frequency
use,344
learning,338
skill,312
text,300
information,196
major,186
words,180
minor,169
evidence,165
number,132
including,131
using,130
ideas,125
two,125
support,116
topic,110
word,108
determine,106
meaning,106
read,106
writing,104
analyze,98
energy,98
texts,98
develop,94
numbers,92
data,90
describe,90
phrases,90
provide,87
events,86
claims,83
details,81
write,80
system,79
solve,77
appropriate,76
relationships,70
understand,70
understanding,69
explain,68
properties,68
specific,67
based,63
problems,63
relevant,63
equations,62
model,61
apply,60
demonstrate,59
one,59
structure,59
reasoning,58
whole,58
time,57
reading,56
different,55
end,55
interpret,55
clarify,53
compare,53
complex,52
context,52
objects,52
problem,52
purpose,52
range,52
identify,51
sources,51
probability,50
make,49
earth,48
key,48
language,48
presented,48
analysis,47
grade,47
multiple,47
find,46
line,46
points,46
reasons,46
represent,46
produce,45
rational,45
construct,44
evaluate,44
form,44
functions,44
operations,44
recognize,44
relationship,44
standard,44
questions,43
unit,43
conventions,42
research,42
experiences,41
interact,41
needed,41
concepts,40
design,40
quantities,40
explanation,39
grades,39
knowledge,39
style,39
characters,38
create,38
development,38
english,38
materials,38
process,38
terms,38
add,37
earths,37
fractions,36
meanings,36
addition,35
answer,35
organization,35
patterns,35
point,35
technical,35
digital,34
expressions,34
others,34
place,34
command,33
common,33
complexity,33
new,33
strategies,33
argument,32
chemical,32
comprehend,32
draw,32
event,32
function,32
latin,32
mathematical,32
story,32
triangles,32
view,32
within,32
area,31
matter,31
object,31
scientific,31
simple,31
speaking,31
used,31
definitions,30
diverse,30
linear,30
precise,30
print,30
question,30
clear,29
clearly,29
proficiently,29
right,29
subtraction,29
band,28
discussions,28
facts,28
formal,28
fraction,28
introduce,28
involving,28
natural,28
particular,28
real,28
reflection,28
solut,28
solutions,28
stories,28
topics,28
ask,27
human,27
possible,27
unknown,27
value,27
conduct,26
distinguish,26
european,26
french,26
geographic,26
geometric,26
german,26
health,26
history,26
italian,26
japanese,26
journalist,26
lengths,26
organisms,26
section,26
authors,25
convey,25
domainspecific,25
explicitly,25
figures,25
follows,25
gather,25
know,25
measurement,25
related,25
adults,24
angles,24
audience,24
author,24
comprehension,24
concluding,24
contrast,24
ecosystem,24
frames,24
general,24
graph,24
inferences,24
investigation,24
literary,24
multiplication,24
order,24
shapes,24
single,24
statement,24
equation,23
include,23
maintain,23
opinion,23
organize,23
parts,23
sentences,23
sequence,23
subtract,23
tasks,23
content,22
drawing,22
forces,22
guidance,22
high,22
media,22
multiply,22
set,22
task,22
central,21
establish,21
expression,21
figurative,21
follow,21
integrate,21
literature,21
rules,21
similar,21
source,21
audiences,20
categories,20
changes,20
expressing,20
informational,20
interpreting,20
length,20
lines,20
similarity,20
speech,20
sufficient,20
tone,20
units,20
another,19
change,19
circle,19
coherent,19
conclusions,19
congruence,19
developing,19
division,19
inequalities,19
measure,19
models,19
multimedia,19
phrase,19
plane,19
technology,19
trait,19
types,19
variety,19
vector,19
water,19
hundred,18
cite,18
clauses,18
extended,18
flow,18
link,18
matrix,18
peers,18
punctuation,18
quantitative,18
realworld,18
size,18
spelling,18
standards,18
subject,18
textual,18
vocabulary,18
volume,18
accuracy,17
angle,17
concrete,17
differences,17
drama,17
energy,17
engineering,17
equal,17
examples,17
independently,17
motion,17
objective,17
observations,17
occurring,17
rate,17
says,17
side,17
themes,17
values,17
variables,17
accurately,16
conditional,16
coordinate,16
counterclaims,16
course,16
defining,16
demonstrating,16
discussion,16
displays,16
effectively,16
gradeappropriate,16
gradelevel,16
interactions,16
less,16
measurements,16
processes,16
prompting,16
sequences,16
several,16
short,16
solution,16
strengthen,16
supports,16
trigonometric,16
variation,16
visual,16
year,16
arguments,15
build,15
building,15
define,15
effective,15
four,15
frequently,15
impact,15
impacts,15
important,15
individual,15
main,15
matt,15
orally,15
plan,15
projects,15
publish,15
purposes,15
respond,15
sitting,15
situations,15
sum,15
summary,15
systems,15
usage,15
weather,15
wholenumber,15
adapt,14
animals,14
clue,14
cohesion,14
contexts,14
descriptive,14
disciplinespecific,14
effects,14
equivalent,14
express,14
features,14
formats,14
groups,14
idea,14
illustrate,14
informativeexplanatory,14
issue,14
listening,14
logically,14
name,14
nuances,14
organ,14
plants,14
plot,14
poems,14
prove,14
quantity,14
results,14
role,14
roles,14
sample,14
show,14
sounds,14
structures,14
surface,14
transf,14
variable,14
wave,14
assess,13
capitalization,13
choices,13
claim,13
contribute,13
day,13
dramas,13
editing,13
engage,13
environment,13
expressed,13
larger,13
may,13
molecules,13
nonfiction,13
pairs,13
present,13
relate,13
revising,13
sections,13
shorter,13
situation,13
tables,13
three,13
twodimensional,13
useful,13
verbs,13
academic,12
account,12
aiding,12
choose,12
compound,12
detail,12
drawn,12
figure,12
findings,12
flexibly,12
generate,12
grammar,12
group,12
growth,12
light,12
making,12
multiplemeaning,12
numerical,12
ones,12
partners,12
planning,12
polynomials,12
react,12
reference,12
relative,12
revision,12
routinely,12
scaffolding,12
scale,12
setting,12
summarize,12
supported,12
techniques,12
ten,12
times,12
uses,12
world,12
written,12
910,11
attending,11
categorical,11
center,11
choosing,11
collaborative,11
connections,11
connotative,11
conversations,11
correctly,11
criteria,11
descriptions,11
dialogue,11
distribution,11
effect,11
formatting,11
historical,11
historysocial,11
illustrations,11
individuals,11
inheritance,11
internet,11
known,11
many,11
narratives,11
overall,11
part,11
pieces,11
population,11
primary,11
quotations,11
rewriting,11
sentence,11
shape,11
signal,11
studies,11
supporting,11
symbols,11
technique,11
trigonometry,11
various,11
adjectives,10
approach,10
areas,10
arithmetic,10
attributes,10
biodiversity,10
circles,10
clim,10
complete,10
conditions,10
conservation,10
count,10
decimals,10
decisions,10
description,10
discipline,10
divide,10
electromagnetic,10
following,10
formulas,10
geometri,10
graphs,10
history,10
informal,10
letters,10
material,10
narrator,10
optimizing,10
presentations,10
pronunciation,10
proportional,10
rectangular,10
referring,10
representations,10
science,10
skills,10
solar,10
square,10
taking,10
technologies,10
trying,10
whether,10
accurate,9
acquire,9
additional,9
avoiding,9
base,9
basic,9
called,9
come,9
comments,9
components,9
constraints,9
consult,9
cycling,9
describing,9
diagram,9
divers,9
ecosystems,9
experiments,9
explanations,9
exponential,9
fluently,9
focused,9
funct,9
graphics,9
imagined,9
interest,9
level,9
made,9
mot,9
multidigit,9
multiplying,9
nouns,9
oneone,9
parallel,9
participate,9
plagiarism,9
plots,9
poem,9
probabilities,9
product,9
properti,9
provided,9
quadratic,9
ratio,9
ratios,9
reader,9
recount,9
rectangles,9
resources,9
secondary,9
sense,9
series,9
shared,9
solving,9
sound,9
specified,9
spell,9
spoken,9
statistics,9
survive,9
tell,9
tools,9
transfer,9
verify,9
waves,9
way,9
work,9
adding,8
address,8
category,8
coordinates,8
corresponding,8
delimiting,8
distance,8
drawings,8
elements,8
examine,8
exponents,8
factor,8
factors,8
focusing,8
forms,8
give,8
life,8
long,8
matrices,8
motions,8
multistep,8
names,8
narrative,8
opposing,8
perpendicular,8
phonemes,8
plate,8
poetry,8
positive,8
predict,8
preparation,8
prepared,8
products,8
radi,8
random,8
result,8
sensory,8
significant,8
speakers,8
species,8
strengths,8
successive,8
synthesize,8
teacherled,8
tens,8
theme,8
theorem,8
threedimensional,8
total,8
traits,8
transitions,8
twodigit,8
unfolds,8
universe,8
varied,8
visually,8
wellchosen,8
absolute,7
affixes,7
aloud,7
alternate,7
aspects,7
behavior,7
career,7
citation,7
climate,7
collaborate,7
college,7
compute,7
conclusion,7
correct,7
credibility,7
definition,7
delineate,7
denominators,7
derive,7
digits,7
establishing,7
estimate,7
evaluating,7
everyday,7
feelings,7
format,7
formed,7
functioning,7
genetic,7
global,7
greater,7
indicate,7
indicated,7
inform,7
interdependent,7
introducing,7
inverse,7
issues,7
law,7
like,7
limitations,7
makes,7
manner,7
measures,7
modeling,7
norms,7
numb,7
opposite,7
orient,7
outcomes,7
past,7
precisely,7
previous,7
pronouns,7
quotients,7
reaction,7
readiness,7
refer,7
reflections,7
relating,7
root,7
rotations,7
segment,7
selection,7
similarities,7
speaker,7
specialized,7
spelled,7
star,7
state,7
study,7
tectonics,7
transformations,7
valid,7
verb,7
vowel,7
11ccr,6
acknowledge,6
act,6
affect,6
agreedupon,6
algebraic,6
analyzing,6
ancestry,6
associated,6
audio,6
beginning,6
better,6
biological,6
carry,6
cases,6
clues,6
combine,6
commas,6
comparisons,6
compose,6
confirm,6
considering,6
contributes,6
correspondences,6
counting,6
current,6
decimal,6
decode,6
decoding,6
defined,6
describes,6
device,6
difference,6
distinct,6
dynamics,6
electric,6
enhance,6
evolution,6
extend,6
first,6
fluency,6
focus,6
found,6
frequency,6
gained,6
hazard,6
humans,6
identifying,6
independence,6
inequality,6
inscribed,6
integers,6
irrational,6
justifying,6
largescale,6
logical,6
manage,6
mass,6
mean,6
narrated,6
naturally,6
negative,6
notation,6
pacing,6
paragraphs,6
paraphrase,6
particles,6
phonics,6
planet,6
populations,6
principles,6
procedure,6
procedures,6
pythagorean,6
quantitatively,6
quote,6
recall,6
record,6
refine,6
reflects,6
represented,6
reproduction,6
resili,6
responding,6
second,6
selfgenerated,6
shifts,6
simulation,6
small,6
speak,6
special,6
statements,6
substances,6
sun,6
table,6
term,6
think,6
together,6
type,6
univers,6
version,6
wellstructured,6
works,6
1112,5
accounts,5
across,5
action,5
actions,5
activities,5
adverbs,5
algebraically,5
amounts,5
anticipates,5
assessing,5
book,5
case,5
cause,5
caused,5
cells,5
character,5
closure,5
comma,5
communicate,5
computational,5
concept,5
congruent,5
conjunctions,5
connect,5
constant,5
consulting,5
contact,5
conveyed,5
cubes,5
cycles,5
deadlines,5
decide,5
denominator,5
denotations,5
determination,5
differing,5
dimension,5
display,5
distinctions,5
distinguishing,5
domain,5
dynam,5
edge,5
efficiently,5
element,5
expand,5
expected,5
experience,5
explaining,5
explore,5
five,5
force,5
formula,5
frequencies,5
geometry,5
goals,5
greek,5
halves,5
help,5
independent,5
inquiry,5
interacting,5
irregular,5
leading,5
lif,5
linking,5
locate,5
magnetic,5
meet,5
method,5
necessary,5
nonzero,5
numerals,5
obtain,5
offspring,5
onedigit,5
partition,5
pattern,5
people,5
perspectives,5
polygons,5
polynomial,5
pose,5
position,5
preliminary,5
prob,5
prose,5
radius,5
readings,5
reallife,5
recognition,5
rectangle,5
regular,5
represents,5
required,5
rereading,5
resourc,5
reveal,5
revise,5
rhetoric,5
rigid,5
roots,5
rule,5
scales,5
segments,5
select,5
selfcorrect,5
significance,5
singlesyllable,5
slope,5
solid,5
space,5
speed,5
stability,5
states,5
studied,5
supply,5
sustained,5
syllables,5
syntax,5
tangent,5
temporal,5
theorems,5
thermal,5
things,5
thoughts,5
triangle,5
understandings,5
variations,5
verbal,5
volumes,5
ways,5
whose,5
without,5
1000,4
added,4
additive,4
addressed,4
addressing,4
advanced,4
algorithm,4
anchor,4
answering,4
answers,4
applications,4
appropriately,4
arc,4
atoms,4
attribute,4
authoritative,4
broaden,4
calculate,4
capitalize,4
carrying,4
chance,4
changing,4
choice,4
clarification,4
classify,4
closely,4
coefficients,4
collegial,4
combination,4
combined,4
concerns,4
connection,4
conserved,4
consonant,4
conventional,4
convert,4
cosine,4
creating,4
credible,4
cubic,4
cultures,4
depending,4
described,4
determining,4
dictionaries,4
direction,4
distributive,4
due,4
either,4
emphasize,4
endpoint,4
ensure,4
environmental,4
even,4
evidencebased,4
exactly,4
experiment,4
eye,4
fact,4
fairly,4
familiar,4
finding,4
forc,4
fully,4
future,4
gaps,4
geoscience,4
graphical,4
heredity,4
horizontal,4
inappropriate,4
instrument,4
integer,4
intersection,4
introduced,4
keyboarding,4
live,4
masses,4
matters,4
measured,4
measuring,4
mediums,4
narrow,4
nearest,4
need,4
needs,4
noting,4
nuclear,4
opinions,4
ordered,4
pace,4
page,4
parents,4
performing,4
picture,4
plural,4
pointing,4
portions,4
prisms,4
probe,4
providing,4
quant,4
quotation,4
rays,4
reduce,4
references,4
regardless,4
remarks,4
researched,4
response,4
retell,4
said,4
search,4
searches,4
seeing,4
seen,4
selectively,4
separate,4
settings,4
shades,4
shares,4
sides,4
sine,4
social,4
sort,4
squares,4
stars,4
strategy,4
strong,4
suffixes,4
supplying,4
take,4
telling,4
temperature,4
test,4
thorough,4
thoroughly,4
thought,4
toward,4
translations,4
understandable,4
uniform,4
unity,4
update,4
variability,4
voice,4
1090,3
acquired,3
acting,3
actively,3
activity,3
adequate,3
advance,3
advantages,3
air,3
algebra,3
also,3
amplitude,3
analog,3
apparent,3
approaches,3
approximately,3
arranged,3
assigned,3
assigning,3
associations,3
atmosphere,3
average,3
axes,3
bar,3
baseten,3
basis,3
behind,3
best,3
biogeolog,3
biosphere,3
bivariate,3
body,3
broader,3
builds,3
call,3
capacity,3
capture,3
carbon,3
cellular,3
challenge,3
chang,3
chapter,3
characteristic,3
characteristics,3
check,3
circumference,3
closed,3
collaboration,3
comparing,3
competing,3
composed,3
composition,3
conflicting,3
connotations,3
continental,3
decisionmaking,3
decompose,3
degree,3
degrees,3
designed,3
deviation,3
diagrams,3
dictating,3
differ,3
digit,3
dimensions,3
directed,3
directions,3
discussing,3
distances,3
distributions,3
eight,3
elaboration,3
emphasizing,3
empirical,3
engaging,3
equ,3
eventually,3
every,3
expanded,3
extent,3
feedback,3
final,3
fits,3
food,3
fossils,3
foundational,3
fourths,3
fract,3
frame,3
gain,3
gathering,3
generating,3
geosphere,3
graphically,3
graphing,3
gravitational,3
happened,3
heating,3
hundreds,3
hydrosphere,3
increase,3
increases,3
increasing,3
initial,3
interval,3
intervals,3
irregularly,3
kinetic,3
knowledgeable,3
land,3
leaves,3
lesson,3
lettersound,3
likely,3
liquid,3
list,3
listen,3
listeners,3
lists,3
living,3
located,3
locations,3
lowercase,3
macroscopic,3
manipulate,3
marked,3
marks,3
measurable,3
mentally,3
message,3
metaphors,3
methods,3
minimum,3
mixed,3
modern,3
modified,3
mood,3
much,3
multiples,3
myths,3
narration,3
net,3
newtons,3
nine,3
nonoverlapping,3
notes,3
observation,3
observe,3
obtained,3
occurs,3
onesyllable,3
organizational,3
organized,3
origin,3
overlaps,3
paper,3
parameters,3
particularly,3
perimeter,3
perimeters,3
periodic,3
personal,3
persuasively,3
photosynthesis,3
places,3
play,3
positions,3
possessive,3
potential,3
power,3
premises,3
prepositions,3
presentation,3
previewing,3
prism,3
pronounce,3
propel,3
proportionality,3
qualitative,3
quarters,3
radian,3
radiation,3
recognizing,3
recordings,3
refined,3
reflect,3
regarding,3
regularly,3
release,3
relevance,3
replacing,3
report,3
representation,3
reproducing,3
review,3
rewrite,3
rock,3
round,3
salient,3
scaled,3
scene,3
sciencetechnical,3
selecting,3
sentencelevel,3
sets,3
seven,3
share,3
signs,3
similes,3
six,3
sketch,3
smaller,3
software,3
solved,3
something,3
spatial,3
spellings,3
spellingsound,3
spread,3
stanza,3
steps,3
strategic,3
substance,3
substantive,3
sufficiency,3
sunlight,3
symmetry,3
taken,3
tense,3
tenses,3
tests,3
third,3
thousandths,3
tiling,3
trace,3
transferred,3
transition,3
translate,3
twostep,3
twoway,3
uncertain,3
understood,3
unlike,3
upper,3
vary,3
vectors,3
vertical,3
video,3
views,3
vowels,3
warranted,3
will,3
zeros,3
100900,2
120,2
absence,2
absorbed,2
active,2
acute,2
adages,2
advantage,2
adventures,2
adverbial,2
agreement,2
allow,2
allows,2
allusions,2
along,2
always,2
american,2
analogies,2
analogous,2
analogy,2
animal,2
antonyms,2
apart,2
appear,2
applying,2
approximate,2
approximations,2
arise,2
around,2
arrangement,2
array,2
arrays,2
assigns,2
association,2
associative,2
assumption,2
attention,2
attribut,2
audibly,2
availability,2
avenues,2
back,2
beauty,2
belong,2
biases,2
blend,2
bonds,2
books,2
box,2
brain,2
breaking,2
bundle,2
causeeffect,2
cell,2
challenges,2
challenging,2
changed,2
chromosomes,2
circular,2
circumscribed,2
classification,2
climates,2
clocks,2
coefficient,2
collecting,2
columns,2
combinations,2
commutative,2
comparative,2
comparison,2
comparisoncontrast,2
complementary,2
complicated,2
composite,2
computer,2
concerning,2
concisely,2
cones,2
consistent,2
contested,2
continue,2
cooling,2
coordinating,2
correcting,2
correlation,2
corroborating,2
cosines,2
cost,2
costheta,2
counted,2
cover,2
criterion,2
cube,2
cultural,2
cumulative,2
cycle,2
cylinders,2
dates,2
decision,2
decomposing,2
deepen,2
dependent,2
depends,2
desired,2
developed,2
develops,2
devices,2
differentiate,2
dilations,2
direct,2
directly,2
disciplineappropriate,2
discourse,2
discrepancies,2
diversity,2
divided,2
dividends,2
divisor,2
divisors,2
dna,2
documents,2
domains,2
dot,2
draws,2
dynamically,2
earlier,2
eighteenth,2
ellipsis,2
emerges,2
emphasized,2
ending,2
equality,2
equivalently,2
establishes,2
etc,2
etymology,2
exchange,2
exchanges,2
exists,2
experienced,2
experimentally,2
expertise,2
explicit,2
exploration,2
expresses,2
external,2
extinction,2
fables,2
fair,2
fallacious,2
FALSE,2
fiction,2
field,2
fields,2
filmed,2
fit,2
foci,2
folktales,2
forecast,2
forming,2
fossil,2
fourdigit,2
fractional,2
fresh,2
front,2
fusion,2
galaxies,2
gathered,2
generalizations,2
generated,2
geometrically,2
get,2
gives,2
glossaries,2
gravity,2
grouped,2
grow,2
half,2
hand,2
hazards,2
heritable,2
highfrequency,2
histograms,2
hundredths,2
identical,2
identities,2
identity,2
idioms,2
illustrator,2
images,2
imperative,2
improved,2
improvised,2
includes,2
indicating,2
infer,2
inflectional,2
influence,2
influenced,2
initiate,2
inputs,2
intended,2
intercept,2
internal,2
interpretations,2
interpreted,2
interquartile,2
interrogative,2
intersect,2
irrelevant,2
isolate,2
joining,2
judgment,2
judgments,2
justify,2
kindergarten,2
kinds,2
knowledgeably,2
languag,2
large,2
laws,2
least,2
left,2
letter,2
likelihood,2
literal,2
local,2
locates,2
logarithm,2
logarithms,2
magnitude,2
maintaining,2
matching,2
means,2
medial,2
median,2
members,2
mental,2
merit,2
metaphor,2
mineral,2
minimizes,2
minutes,2
mitigate,2
mixing,2
modify,2
moon,2
moral,2
morphology,2
moves,2
multisyllabic,2
must,2
mutations,2
narrators,2
nets,2
night,2
nonliteral,2
noun,2
numeral,2
numerator,2
numerically,2
observed,2
observing,2
occur,2
occurred,2
oceanic,2
odd,2
ongoing,2
onto,2
operate,2
operation,2
operationsfract,2
opposites,2
organism,2
orientations,2
outcome,2
outermost,2
outside,2
oxygen,2
packing,2
pages,2
pair,2
paragraph,2
paraphrasing,2
parentheses,2
particle,2
passive,2
percent,2
percentages,2
period,2
pertinent,2
phenomenon,2
phonetically,2
physical,2
polar,2
popul,2
portrayal,2
posed,2
posing,2
possessives,2
powers,2
precedes,2
predicts,2
prefixes,2
prepare,2
prepositional,2
presence,2
prior,2
produces,2
producing,2
progress,2
progression,2
promote,2
pronoun,2
proper,2
property,2
proportion,2
proposed,2
proteins,2
protractor,2
proverbs,2
putting,2
pyramids,2
quadrant,2
quadrants,2
quadrilaterals,2
qualify,2
quickly,2
quotient,2
radicals,2
rangebr,2
rangebrbr,2
readerlistener,2
readers,2
rearrange,2
reasoned,2
recording,2
recursively,2
reduces,2
refines,2
reflected,2
reflecting,2
regional,2
relation,2
reliability,2
reliance,2
remainder,2
remainders,2
reporting,2
reproduce,2
requested,2
require,2
resolve,2
resolved,2
respective,2
respiration,2
responds,2
responses,2
rest,2
resulting,2
rocks,2
rotation,2
rows,2
rulers,2
satisfy,2
scatter,2
see,2
seminal,2
senses,2
sequencing,2
sexual,2
shakespeare,2
shaped,2
showing,2
signals,2
simile,2
simulations,2
simultaneous,2
sines,2
sintheta,2
sizes,2
smooth,2
sometimes,2
soundness,2
spaces,2
span,2
specify,2
spheres,2
stance,2
standing,2
starting,2
statistical,2
step,2
still,2
stimulate,2
storage,2
stored,2
straight,2
strength,2
strongly,2
structural,2
subjunctive,2
success,2
successful,2
suggestions,2
suitable,2
sums,2
surviving,2
syllabication,2
symbolically,2
talk,2
tantheta,2
technological,2
technologys,2
testing,2
theory,2
thirds,2
though,2
thoughtful,2
thoughtfully,2
threedigit,2
titles,2
tool,2
track,2
traditional,2
transform,2
transforms,2
transitional,2
transmit,2
treat,2
treatment,2
treatments,2
tree,2
TRUE,2
twosyllable,2
unfamiliar,2
unified,2
unique,2
unknowns,2
upon,2
usefulness,2
validity,2
vari,2
viable,2
vivid,2
want,2
wants,2
wavelength,2
weight,2
wellreasoned,2
wide,2
wind,2
writers,2
zero,2
20,1
100s,1
10s,1
110,1
1100,1
200,1
2pi,1
300,1
400,1
46billionyearold,1
500,1
600,1
700,1
800,1
900,1
abct,1
ability,1
able,1
absent,1
absorbs,1
absorption,1
abstract,1
acceleration,1
accentuate,1
according,1
accords,1
accounted,1
accounting,1
achieve,1
achieved,1
achieving,1
acids,1
acknowledges,1
acknowledging,1
actors,1
actual,1
adaptation,1
addends,1
addresses,1
adjacent,1
adjectival,1
advancing,1
advantageous,1
adverb,1
adverse,1
advocacy,1
aerobic,1
aesthetic,1
aesthetics,1
affecting,1
affix,1
ages,1
ago,1
algorithms,1
allowing,1
allude,1
alphabet,1
alter,1
alternative,1
ambiguous,1
amino,1
amount,1
anaerobic,1
anatomical,1
anatomy,1
ancient,1
angleangle,1
antecedents,1
apostrophe,1
appeal,1
appearance,1
appears,1
applicable,1
application,1
applied,1
artistic,1
asa,1
asexual,1
asking,1
asserted,1
associate,1
astronomical,1
atmospheric,1
atom,1
atomic,1
attractive,1
auxiliaries,1
auxiliary,1
available,1
awareness,1
balanced,1
bang,1
beam,1
beautiful,1
behaviors,1
belonging,1
beneficial,1
beside,1
bible,1
bibliographic,1
big,1
bill,1
bills,1
binomial,1
birth,1
blending,1
blends,1
bodies,1
bond,1
bottom,1
boundary,1
bpb,1
braces,1
brackets,1
break,1
brief,1
brightness,1
bring,1
broken,1
bulk,1
calculated,1
calculations,1
carbonbased,1
cardin,1
cardinality,1
cas,1
catastrophic,1
categorize,1
causation,1
cavalieris,1
centers,1
centimeters,1
century,1
certain,1
certainty,1
chances,1
chapters,1
characterization,1
chiefly,1
chords,1
chosen,1
circl,1
circulation,1
citing,1
civil,1
classified,1
closings,1
coding,1
coeffici,1
coevolution,1
coincide,1
collaborations,1
collect,1
collected,1
collective,1
collide,1
colliding,1
collision,1
colon,1
column,1
communicating,1
communicative,1
communities,1
compared,1
compass,1
competition,1
complements,1
component,1
composing,1
compoundcomplex,1
compounds,1
computation,1
computing,1
concentration,1
concludes,1
condit,1
condition,1
cone,1
conforms,1
confused,1
confusion,1
conjugate,1
conjugates,1
conjugation,1
conjunction,1
conjunctive,1
connecting,1
considered,1
consistency,1
consistently,1
consisting,1
consonentvowelconsonent,1
constitution,1
constitutional,1
constraint,1
constructed,1
constructions,1
consumption,1
contractions,1
contradict,1
contradictions,1
contrasting,1
contrasts,1
controlled,1
convection,1
convention,1
conversation,1
conversational,1
converse,1
converts,1
conveying,1
convincing,1
copies,1
core,1
correlative,1
correspond,1
costbenefit,1
coulombs,1
counterclockwise,1
covered,1
created,1
creative,1
crosssections,1
crust,1
crustal,1
cub,1
currents,1
curve,1
cut,1
cvc,1
cvcs,1
cyclic,1
cylinder,1
daily,1
dangling,1
dash,1
dashes,1
datagenerating,1
date,1
daylight,1
death,1
decay,1
declaration,1
declarative,1
decomposed,1
decomposers,1
decomposition,1
decreases,1
decreasing,1
defend,1
democratic,1
denomin,1
density,1
departs,1
depend,1
depiction,1
depth,1
derivation,1
derivational,1
derived,1
designing,1
determinant,1
determined,1
determiners,1
determines,1
deviations,1
diameter,1
differentiation,1
differentsized,1
digitized,1
digraphs,1
dil,1
dimes,1
director,1
directrix,1
disadvantages,1
disagree,1
disagreement,1
disassembled,1
dispersing,1
displaying,1
distant,1
distinguishes,1
distorted,1
divergent,1
dividing,1
document,1
dollar,1
dramatist,1
drawings1,1
driven,1
drives,1
dynamic,1
early,1
earlytwentiethcentury,1
earthsunmoon,1
eclipses,1
economic,1
edit,1
effectiveness,1
elaborate,1
elaborated,1
electrical,1
electron,1
electrons,1
electrostatic,1
elicit,1
eliminating,1
ellipses,1
embryological,1
emergence,1
emergentreader,1
emotions,1
emphasis,1
empirically,1
enables,1
encode,1
encountering,1
endings,1
endpoints,1
entering,1
entity,1
environments,1
episodes,1
equally,1
equals,1
equilateral,1
equilibrium,1
equivalence,1
erosion,1
error,1
errors,1
essential,1
evident,1
evolutionary,1
exaggerated,1
examining,1
example,1
exceeds,1
exceptions,1
exclamatory,1
excluding,1
exerted,1
exerting,1
exhibiting,1
exhibits,1
exist,1
existence,1
expanding,1
expansion,1
experimental,1
expon,1
exponentially,1
exposition,1
extending,1
extension,1
exterior,1
extraneous,1
extreme,1
faces,1
factorizations,1
failure,1
faithful,1
feedbacks,1
feet,1
fictional,1
fingers,1
finished,1
finite,1
firsthand,1
fission,1
fkx,1
flat,1
flows,1
fluid,1
folded,1
folding,1
forecasting,1
formation,1
formations,1
forward,1
fourth,1
fragments,1
freehand,1
frequent,1
fuels,1
full,1
functional,1
fundamental,1
generalize,1
generally,1
genes,1
genre,1
genres,1
geographic,1
geologic,1
gerunds,1
giving,1
grams,1
graphemes,1
grasping,1
gravitation,1
greatest,1
greetings,1
groundwater,1
guide,1
guidelines,1
habitat,1
habitats,1
halfhours,1
halfplane,1
halfplanes,1
harmful,1
hear,1
hearing,1
heat,1
height,1
helps,1
hexagon,1
hierarchical,1
hierarchies,1
hierarchy,1
highlight,1
holidays,1
homeostasis,1
hours,1
humor,1
hundred,1
hydrogen,1
hyperbolas,1
hyphenation,1
hypotheses,1
ice,1
illuminated,1
illustrated,1
imaginary,1
immediate,1
improve,1
inaugural,1
inch,1
inches,1
incidents,1
inconsistencies,1
inconsistent,1
incorporate,1
increased,1
indefinite,1
indicative,1
indirectly,1
infinitely,1
infinitives,1
inflections,1
influences,1
informally,1
informed,1
inheritable,1
inherited,1
input,1
inputoutput,1
insights,1
inspection,1
instructions,1
intensity,1
intensive,1
interaction,1
intercepted,1
interior,1
interjections,1
interpretation,1
interprets,1
interrogatives,1
intersections,1
intersects,1
introduces,1
introductory,1
investigate,1
investigations,1
irr,1
istribution,1
italics,1
items,1
iterative,1
just,1
kilograms,1
labels,1
lacking,1
landscape,1
last,1
later,1
layers,1
laying,1
lead,1
leads,1
learned,1
legal,1
limit,1
limited,1
lin,1
lincolns,1
linearly,1
linesymmetric,1
linked,1
links,1
literatur,1
liters,1
lived,1
longer,1
longrun,1
loosely,1
lunar,1
lying,1
magnets,1
magnitud,1
manageable,1
management,1
managing,1
manual,1
maps,1
margin,1
mark,1
marking,1
mates,1
mathematically,1
maximizes,1
meaningful,1
meant,1
measur,1
mechanisms,1
medium,1
meiosis,1
memories,1
memory,1
messages,1
meteorites,1
meter,1
meters,1
midline,1
midpoint,1
mimicking,1
mimics,1
min,1
mind,1
minimizing,1
minut,1
minute,1
misplaced,1
missing,1
mitosis,1
modal,1
modeled,1
modification,1
modifiers,1
moduli,1
modulus,1
molecularlevel,1
momentum,1
money,1
monitoring,1
motives,1
move,1
movement,1
movements,1
multicellular,1
multiparagraph,1
multiplicative,1
multiplied,1
multisyllable,1
mutation,1
mystery,1
mythology,1
namely,1
narrate,1
narrations,1
nature,1
neutral,1
next,1
nickels,1
nineteenth,1
nineteenthcentury,1
nondefining,1
nonliving,1
nonnegative,1
nonrestrictiveparenthetical,1
nonright,1
nonvertical,1
nonviable,1
normal,1
notions,1
nucleus,1
numerators,1
numerous,1
observable,1
observational,1
obtuse,1
occurrence,1
oceanfloor,1
offering,1
often,1
omission,1
onedegree,1
onsets,1
oper,1
optimal,1
options,1
oral,1
orbiting,1
ordering,1
original,1
outliers,1
output,1
outputs,1
overlap,1
packed,1
pairing,1
parabola,1
parallelogram,1
parallelograms,1
participial,1
participles,1
partitioned,1
partitioning,1
partitions,1
passed,1
path,1
pause,1
payoff,1
pbpab,1
pennies,1
per,1
percapita,1
perceive,1
perfect,1
perform,1
performs,1
perhaps,1
periodicity,1
permutations,1
person,1
perspective,1
persuasiveness,1
pertains,1
phases,1
phenomena,1
phonemic,1
phras,1
pi3,1
pi4,1
pi6,1
pictorial,1
pictures,1
placement,1
placing,1
planetary,1
plant,1
plotted,1
political,1
pollinating,1
polygon,1
posit,1
possess,1
ppba,1
preamble,1
preceded,1
precision,1
predicted,1
preference,1
prefix,1
presenting,1
presents,1
prevent,1
pricing,1
primarily,1
principle,1
printed,1
prioritized,1
production,1
progressive,1
project,1
proliferation,1
prompts,1
pronounantecedent,1
proof,1
protect,1
prototype,1
provides,1
provoke,1
public,1
published,1
pull,1
pulls,1
pure,1
push,1
pushes,1
pyramid,1
quadratically,1
quadrilateral,1
qualitatively,1
quarter,1
quest,1
radical,1
radii,1
radioactive,1
randomization,1
randomized,1
rates,1
reaches,1
reacting,1
reactions,1
really,1
rearranged,1
reason,1
receive,1
receptors,1
recommendation,1
recounts,1
rectilinear,1
reducing,1
redundancy,1
refers,1
refining,1
reflective,1
reflexive,1
refocusing,1
regarded,1
regions,1
relates,1
relatively,1
released,1
releases,1
reliable,1
religious,1
remain,1
removed,1
rendered,1
repair,1
repeated,1
repeats,1
repetitions,1
replication,1
reports,1
representative,1
representing,1
requesting,1
requires,1
requiring,1
reservoirs,1
resizing,1
resolution,1
resolving,1
resource,1
respectively,1
restricting,1
resultant,1
reversed,1
rhetorical,1
rhymes,1
rhyming,1
rhythm,1
rights,1
rimes,1
rise,1
rough,1
ruler,1
runons,1
rxbx,1
safety,1
samples,1
sampling,1
sas,1
satisfies,1
say,1
saying,1
scal,1
scalar,1
scalars,1
scaling,1
scenes,1
script,1
seafloor,1
season,1
seasonal,1
seasons,1
sec,1
secondhand,1
sector,1
seeds,1
seek,1
seeks,1
semicolon,1
sending,1
separated,1
separating,1
sequ,1
sequenced,1
services,1
seventeenth,1
severe,1
shadows,1
shed,1
shortvowel,1
sight,1
sign,1
signed,1
similarly,1
simpler,1
simply,1
simultaneously,1
sinc,1
singleunit,1
singular,1
situationand,1
skipcount,1
sky,1
slicing,1
slow,1
slowly,1
societal,1
society,1
song,1
soundletter,1
spaced,1
specifying,1
spectra,1
speculation,1
sphere,1
squar,1
sss,1
stable,1
staged,1
stand,1
stanzas,1
stated,1
stay,1
stays,1
sticks,1
stimuli,1
storys,1
straightedge,1
strata,1
strateg,1
strict,1
striking,1
string,1
structured,1
studi,1
subcategories,1
subjective,1
subjectverb,1
subordinating,1
subset,1
subsets,1
substitute,1
substituted,1
subsystems,1
subtended,1
subtracting,1
sugar,1
suggest,1
suited,1
summarizes,1
suns,1
superlative,1
supplementary,1
surfaces,1
surprise,1
survey,1
surveying,1
surveys,1
survival,1
suspense,1
sustainability,1
syllable,1
synonyms,1
synthetic,1
systematic,1
tag,1
tapes,1
team,1
teams,1
tells,1
temperatures,1
tend,1
tension,1
terminal,1
terminates,1
theoretical,1
therefore,1
thermodynamics,1
thirdperson,1
threephoneme,1
throughout,1
thus,1
title,1
today,1
told,1
top,1
tracing,1
tradeoffs,1
transformed,1
transl,1
translation,1
transmission,1
transmitted,1
transparencies,1
transversal,1
trapezoid,1
traveling,1
traversed,1
trends,1
triangl,1
tru,1
turns,1
twice,1
typical,1
unbalanced,1
unclear,1
undefined,1
underlining,1
undertake,1
unequal,1
uneven,1
unions,1
united,1
unknownaddend,1
unknownfactor,1
unresolved,1
untaught,1
utilizing,1
vague,1
valu,1
variabilities,1
varieties,1
varying,1
vegetation,1
velocity,1
verbals,1
verifying,1
verse,1
versions,1
versus,1
vertex,1
vertices,1
vibrate,1
vibrating,1
viewing,1
viewpoints,1
warming,1
warmth,1
watch,1
weaknesses,1
weathering,1
weatherrelated,1
weigh,1
wellelaborated,1
whereby,1
wherever,1
widely,1
wordiness,1
words1,1
writ,1
xbx,1
xcoordinates,1
yardsticks,1
yes,1
young,1