writing,writing-3.jpg
writing,writing-1.jpg
words,words-3.jpg
words,words-2.jpg
word,word.jpg
word,word-8.jpg
word,word-6.jpg
word,word-5.jpg
word,word-3.jpg
waves,waves-1.jpg
vocabulary,vocabulary-1.jpg
triangle,triangle.png
triangle,triangle-9.png
triangle,triangle-9.html
triangle,triangle-8.jpeg
triangle,triangle-6.jpeg
triangle,triangle-5.html
triangle,triangle-4.jpeg
triangle,triangle-2.gif
triangle,triangle-10.jpg
triangle,triangle-1.jpg
tools,tools-1.jpg
text,text-3.jpg
text,text-1.jpg
talk,talk.jpg
system,system-1.png
surface,surface.jpg
support,support-6.jpg
support,support-4.jpg
support,support-3.png
support,support-2.png
support,support-2.jpg
support,support-1.png
supp,supp-5.jpg
supp,supp-1.jpg
summary,summary.jpg
structure,structure.jpg
story,story.jpeg
story,story-5.jpg
story,story-4.jpg
story,story-2.jpg
statistics,statistics-1.jpg
species,species-1.jpg
solar,solar-1.jpg
slice,slice-2.png
slice,slice-1.jpg
skills,skills-5.jpg
skills,skills-4.jpg
skill,skill-5.png
skill,skill-3.png
skill,skill-1.png
shapes,shapes-1.jpg
shape,shape-1.png
scientific,scientific-1.jpg
science,science
scale,scale-1.png
reward,reward.jpg
research,research-3.jpg
research,research-2.jpg
research,research-1.jpg
report,report.png
reading,reading-1.jpg
read,read.png
read,read-7.jpg
read,read-6.jpg
read,read-3.jpg
read,read-2.png
read,read-1.png
radius,radius-3.jpg
radius,radius-1.png
question,question.jpg
question,question-4.jpg
question,question-2.jpg
question,question-1.jpg
puzzle,puzzle.jpg
punctuation,punctuation-1.jpg
problems,problems-2.jpg
problems,problems-1.jpg
problem,problem.jpg
problem,problem-4.jpg
problem,problem-3.jpg
problem,problem-2.jpg
probability,probability-2.jpg
probability,probability-1.jpg
print,print.jpeg
print,print-5.jpeg
print,print-4.jpg
print,print-3.jpeg
print,print-2.png
price,price.jpeg
price,price-2.jpeg
plot,plot-9
plot,plot-7
plot,plot-5
plot,plot-4
plot,plot-15
plot,plot-14
plot,plot-13
plot,plot-12
plot,plot-11
plot,plot
plane,plane-6.png
plane,plane-4.jpg
plane,plane-3.png
plane,plane-2.png
plane,plane-1.jpeg
phrase,phrase.gif
perspective,perspective.jpg
pattern,pattern.jpg
output,output.jpg
organize,organize.jpg
organisms,organisms-2.jpg
organisms,organisms-1.jpg
observe,observe.jpg
numbers,numbers-3.jpg
numbers,numbers-2.jpg
numbers,numbers-1.jpg
nuclear,nuclear
newspaper,newspaper.jpg
news,news.jpeg
network,network.jpg
multimedia,multimedia-2.jpg
molecules,molecules.jpg
media,media-3.jpg
media,media-2.jpg
media,media-1.jpg
measurement,measurement.png
measurement,measurement-2.jpg
measure,measure
matter,matter.jpg
mathmodel,mathmodel-2.jpg
math,math
material,material.png
letter,letter.jpg
letter,letter-6.jpg
learning,learning-7.png
learning,learning-7.jpg
learning,learning-6.png
learning,learning-6.jpg
learning,learning-6.jpeg
learning,learning-5.jpg
learning,learning-4.jpg
learning,learning-3.jpg
learning,learning-2.jpg
learning,learning-2.jpeg
learning,learning-15.jpg
learning,learning-14.jpg
learning,learning-13.jpg
learning,learning-1.jpeg
latin,latin.jpg
language,language-2.jpg
language,language-1.jpg
japan,japan.jpg
italy,italy.png
internet,internet.jpg
information,information.jpg
information,information-5.png
information,information-4.png
information,information-3.png
information,information-3.jpg
information,information-2.jpg
information,information-1.png
information,info-6.jpg
information,info-5.jpg
information,info-4.jpg
inequatlities,inequatlities.png
inequalities,inequalities-1
inequalities,inequalities
images,images-1.jpg
idea,idea-6.jpg
idea,idea-5.jpg
idea,idea-4.jpg
idea,idea-3.jpg
idea,idea-2.jpg
history,history-1.jpg
hexagon,hexagon.png
health,health-2.jpg
health,health-1.jpg
greenboard,greenboard-1.png
grammar,grammar-1.jpg
grades,grades-1.jpg
geometric,geometric-2.jpg
geographic,geographic.jpg
function,function-7
function,function-5
function,function-4
function,function-1
function,function
fraction,fraction-4.jpg
fraction,fraction-3.jpg
fraction,fraction-2.jpg
fraction,fraction-1.jpg
expression,expression-6
expression,expression-5
expression,expression-4
expression,expression-3
expression,expression-2
expression,expression-1
experiments,experiments-1.jpg
evidence,evid-6.jpg
evidence,evid-5.jpg
evidence,evid-4.jpg
evidence,evid-1.jpg
europe,europe.jpg
equations,equations-2.jpg
equations,equations-1.jpg
english,english.jpg
english,english-2.jpg
engineering,engineering.jpg
engine,engine.jpg
energy,energy-2.jpg
energy,energy-1.jpg
electromagnetic,electromagnetism-1.png
electromagnetism,electromagnetism-1.png
ecosystem,ecosystem.jpg
earth,earth.jpg
drama,drama.jpg
discuss,discuss-1.png
digital,digital.jpg
detail,detail.png
detail,detail-6.jpg
detail,detail-5.jpg
detail,detail-4.png
detail,detail-4.jpg
detail,detail-3.jpg
detail,detail-2.jpg
detail,detail-1.jpg
data,data-3.jpg
data,data-2.jpg
cylinder,cylinder-1.png
cylinder,cylinder
contrast,contrast.png
context,context-0.jpg
construct,construct.png
construct,construct-7.jpg
construct,construct-5.png
construct,construct-4.png
construct,construct-3.png
construct,construct-2.png
connect,connect
complex,complex-2.jpg
complex,complex-1.jpg
color,color-2.jpg
color,color-1.jpg
circumference,circumference-1.jpg
circumference,circumference
circle,circle-8
circle,circle-6.jpg
circle,circle-5.jpg
circle,circle-3.jpg
chemical,chemical.jpg
chalkboard,chalkboard.png
book,book.jpeg
book,book-5.png
book,book-4.jpg
book,book-2.jpg
background,background-3.png
background,background-2.jpg
background,background-1.jpg
angles,angles.jpeg
angles,angles-3
angles,angles
angle,angle-1
angle,angle
analyze,analyze-1.jpg
alarm,alarm.jpg
Thumbs,Thumbs.db
Learning,Learning-1.jpg
three-dimensional,3d.jpg
three-dimensional,3D-1.jpg
people,people.png
function,function.jpg
type,type.jpg
abstract,abstract.jpg
electronics,electronics.jpg
function,function-2.jpg
trignometric,trignometric.png
geometry,geometry.png
calculate,calculate.jpg
write,write.jpg
write,write.png
write,write-2.png
graph,graph.png
chart,chart.png
research,research.jpg
space,space.png
planet,planet.png
trees,trees.png
forest,forest.png
tree,tree.png
organization,organization.jpg
society,society.png
fraction,fraction.png
ecosystem,ecosystem.png
light,light.jpg
fruits,fruits.png
organ,organ.png
sphere,sphere.png
polygons,polygons.png
polygons,polygons-1.png
two,two-dimensional.png
columns,columns.png
quadrilateral,quadrilateral.png
multiplication,multiplication.png
order,order.jpg
proportion,proportion.png
angles,angles.jpg
angle,angle.jpg
reptiles,reptiles.jpg
measure,measure.jpg
three,three-dimensional.jpg
cubes,cubes.jpg
goal,goal.jpg
globe,globe.jpg
map,map.jpg
chart,chart.jpg
music,music.png
observe,observe-3.jpg
view,view.jpg
animals,animals.jpg
birds,birds.jpg
birds,birds-2.jpg
city,city.jpg
nature,nature.jpg
landscape,landscape.jpg
perspective,perspective-2.jpg
construction,construction.jpg
medicine,medicine.jpg
sequence,sequence-3.jpg
slice,slice-3.jpg
quantity,quantity.jpg
inequalities,inequalities.png
percent,percent.png
percentage,percentage.png
numbers,numbers.jpg
plan,plan.jpg
multiple,multiple.png
counting,counting.jpg
model,model.jpg
growth,growth.jpg
geometry,geometry-5.jpg
time,time.jpg
temperature,temperature.jpg
coordinate,coordinate.jpg
scale,scale.jpg
count,count.jpg
counting,counting-2.jpg
count,count-4.jpg
value,value.jpg
money,money.jpg
count,count-6.jpg
distance,distance.jpg
relationship,relationship.jpg
discuss,discuss.jpg
class,class.png
book,book.jpg
justice,justice.jpg
explain,explain.jpg
explain,explain-2.jpg
course,course.jpg
coloured,coloured.jpg
proportional,proportional.jpg
ratio,ratio.jpg
length,length.jpg
width,width.jpg
measurement,measurement.jpg
measurement,measurement-3.jpg
time,time-5.jpg
time,time-6.jpg
long,long.jpg
multistep,multistep.jpg
track,track.jpg
speed,speed.jpg
hike,hike.jpg
road,road.jpg
divide,divide.jpg
everyday,everyday.jpg
multisteps,multisteps-2.jpg
light,light.png
thermal,thermal.png
thermal,thermal-2.png
motion,motion.jpg
kinetic,kinetic.jpg
process,process.jpg
process,process-2.jpg
circuit,circuit.jpg
system,system.jpg
inequality,inequality.jpg
inequalities,inequalities-2.jpg
percent,percent.jpg
percentage,percentage-2.png
calendar,calendar.png
opposite,opposite.jpg
correctly,correctly.jpg
connect,connect.jpg
contrast,contrast.jpg
different,different.jpg
incorrect,incorrect.jpg
opposite,opposite-2.jpg
devices,devices.png
objects,objects.png
network,network.png
pattern,pattern.png
connection,connection.png
identify,identify.png
climate,climate.png
weather,weather-2.png
climate,climate-2.png
weather,weather-3.jpg
cloud,cloud.jpg
climate,climate-4.png
engineering,engineering.png
problem,problem.png
communicate,communicate.png
trait,trait.png
trait,trait-2.png
taste,taste.png
taste,taste-2.png
dna,dna.png
dna,dna-2.png
inherit,inherit.png
molecules,molecules.png
science,science.png
chemistry,chemistry.png
biology,biology.png
organic,organic.png
biology,biology-2.png
atoms,atoms.png
elements,elements.png
intersection,intersection.jpg
numeric,numeric.jpg
numeric,numeric-2.jpg
geometric,geometric.jpg
construct,construct-2.jpg
electricity,electricity.jpg
energy,energy.jpg
discussion,discussion.png
discuss,discuss.png
collaborate,collaborate.png
group,group.png
arguement,arguement.png
comments,comments.png
strategy,strategy.png
speech,speech.png
speaker,speaker.png
interaction,interaction.png
communicate,communicate-3.png
mental,mental.jpg
strategy,strategy-2.jpg
strategy,strategy-5.jpg
think,think.png
reasoning,reasoning.jpg
creative,creative.png
expression,expression.jpg
permutations,permutations.jpg
combinations,combinations.jpg
probability,probability.png
probability,probability-2.png
probability,probability-3.png
combinations,combinations-2.png
probability,probability-4.png
probability,probability-5.jpg
probability,probability-6.jpg
probability,probability-7.jpg
statistics,statistics.png
statistics,statistics-2.png
solution,solution.png
idea,idea-2.png
statistics,statistics-4.png
bond,bond.png
science,science-3.png
science,science-5.png
physics,physics.jpg
weight,weight.jpg
force,force.png
matter,matter-2.jpg
spring,spring.jpg
chemical,chemical-5.jpg
newtons,newtons.jpg
force,force-5.jpg
water,water-5.jpg
trigonometric,trigonometric.png
function,function-5.png
trigonometry,trigonometry.png
equation,equation-5.png
algebra,algebra.png
newtons,newtons-2.jpg
algebra,algebra-5.jpg
algebra,algebra-6.png
earth,earth.png
place,place.png
earth,earth-3.png
world,world.png
space,space-5.png
earth,earth-6.png
satellite,satellite.png
eclipse,eclipse.png
moon,moon.png
moon,moon-4.png
reaction,reaction.png
laboratory,laboratory.png
chemical,chemical.png
research,research-2.png
investigate,investigate.png
reaction,reaction-5.png
catalyst,catalyst.png
volume,volume.png
volume,volume-2.jpg
cylinder,cylinder.jpg
volume,volume-5.jpg
volume,volume-7.jpg
empty,empty.jpg
volume,volume-8.jpg
area,area-1.jpg
area,area-2.jpg
area,area-3.jpg
energy,energy-7.html
area,area-6.png
area,area-10.jpg
area,area-11.jpg
waves,waves.png
waves,waves-2.png
waves,waves-4.png
bridge,bridge.jpg
area,area-12.jpg
water,water.png
water,water-2.png
wave,wave.png
drawing,drawing.png
draw,draw.png
music,music.jpg
animals,animals.png